name,city,state,country
AALBORG UNIVERSITY,,,
AALTO UNIVERSITY,,,
AARHUS UNIVERSITY,,,
ABERYSTWYTH UNIVERSITY,,,
ABO AKADEMI UNIVERSITY,,,
ABU DHABI UNIVERSITY,,,
ADAM MICKIEWICZ UNIVERSITY,,,
AGH UNIVERSITY OF SCIENCE AND TECHNOLOGY,,,
AIN SHAMS UNIVERSITY,,,
AIRLANGGA UNIVERSITY,,,
AJMAN UNIVERSITY,,,
AJOU UNIVERSITY,,,
AL AKHAWAYN UNIVERSITY IFRANE,,,
AL AZHAR UNIVERSITY,,,
AL-FARABI KAZAKH NATIONAL UNIVERSITY,,,
AL-IMAM MOHAMED IBN SAUD ISLAMIC UNIVERSITY,,,
ALEXANDRIA UNIVERSITY,,,
ALEXANDRU IOAN CUZA UNIVERSITY,,,
ALIGARH MUSLIM UNIVERSITY (AMU) ALIGARH,,,
ALPEN-ADRIA-UNIVERSITÄT KLAGENFURT,,,
ALTAI STATE UNIVERSITY,,,
AMERICAN UNIVERSITY,,,
AMERICAN UNIVERSITY IN CAIRO,,,
AMERICAN UNIVERSITY IN DUBAI,,,
AMERICAN UNIVERSITY OF BEIRUT (AUB),,,
AMERICAN UNIVERSITY OF SHARJAH,,,
American University of the Middle East,,,
AMIRKABIR UNIVERSITY OF TECHNOLOGY,,,
AMITY UNIVERSITY,,,
AMRITA UNIVERSITY,,,
Amrita Vishwa Vidyapeetham,,,
An-Najah National University,,,
ANKARA ÜNIVERSITESI,,,
ANNA UNIVERSITY,,,
AOYAMA GAKUIN UNIVERSITY,,,
Applied Science University of Bahrain,,,
ARISTOTLE UNIVERSITY OF THESSALONIKI,,,
ARIZONA STATE UNIVERSITY,,,
ASSIUT UNIVERSITY,,,
ASTON UNIVERSITY,,,
ATENEO DE MANILA UNIVERSITY,,,
ATHENS UNIVERSITY OF ECONOMICS AND BUSINESS,,,
AUBURN UNIVERSITY,,,
AUCKLAND UNIVERSITY OF TECHNOLOGY,,,
AUSTRALIAN CATHOLIC UNIVERSITY,,,
AUSTRALIAN NATIONAL UNIVERSITY (ANU),,,
Azerbaijan State University of Economics,,,
BABES-BOLYAI UNIVERSITY,,,
BAKU STATE UNIVERSITY,,,
BANARAS HINDU UNIVERSITY,,,
BANDUNG INSTITUTE OF TECHNOLOGY (ITB),,,
BANGLADESH UNIVERSITY OF ENGINEERING AND TECHNOLOGY,,,
BANGOR UNIVERSITY,,,
BAR-ILAN UNIVERSITY,,,
BAUMAN MOSCOW STATE TECHNICAL UNIVERSITY,,,
BAYLOR COLLEGE OF MEDICINE,,,
BAYLOR UNIVERSITY,,,
BEIHANG UNIVERSITY,,,
BEIJING FOREIGN STUDIES UNIVERSITY,,,
BEIJING INSTITUTE OF TECHNOLOGY,,,
BEIJING JIAOTONG UNIVERSITY,,,
BEIJING NORMAL UNIVERSITY,,,
BEIJING UNIVERSITY OF TECHNOLOGY,,,
Beirut Arab University,,,
BELARUS STATE UNIVERSITY,,,
BELARUSIAN NATIONAL TECHNICAL UNIVERSITY,,,
Belarusian State University of Informatics and Radioelectronics,,,
BEN GURION UNIVERSITY OF THE NEGEV,,,
BENEMÉRITA UNIVERSIDAD AUTÓNOMA DE PUEBLA,,,
BI NORWEGIAN BUSINESS SCHOOL,,,
BILKENT UNIVERSITY,,,
Bina Nusantara University (BINUS),,,
BINGHAMTON UNIVERSITY SUNY,,,
BIRKBECK COLLEGE UNIVERSITY OF LONDON,,,
BIRLA INSTITUTE OF TECHNOLOGY AND SCIENCE,,,
Birmingham City University (BCU),,,
BIRZEIT UNIVERSITY,,,
Bogaziçi Üniversitesi,,,
BOĞAZIÇI ÜNIVERSITESI,,,
BOGOR AGRICULTURAL UNIVERSITY,,,
BOND UNIVERSITY,,,
BOSTON COLLEGE,,,
BOSTON UNIVERSITY,,,
BOURNEMOUTH UNIVERSITY,,,
BRANDEIS UNIVERSITY,,,
BRIGHAM YOUNG UNIVERSITY,,,
BRNO UNIVERSITY OF TECHNOLOGY,,,
BROWN UNIVERSITY,,,
BRUNEL UNIVERSITY,,,
BUDAPEST UNIVERSITY OF TECHNOLOGY AND ECONOMICS,,,
CAIRO UNIVERSITY,,,
CALIFORNIA INSTITUTE OF TECHNOLOGY (CALTECH),,,
Canterbury Christ Church University,,,
CARDIFF UNIVERSITY,,,
CARLETON UNIVERSITY,,,
CARNEGIE MELLON UNIVERSITY,,,
CASE WESTERN RESERVE UNIVERSITY,,,
CENTRAL EUROPEAN UNIVERSITY,,,
CENTRAL QUEENSLAND UNIVERSITY,,,
CENTRAL SOUTH UNIVERSITY,,,
CENTRALESUPÉLEC,,,
CHALMERS UNIVERSITY OF TECHNOLOGY,,,
CHANG GUNG UNIVERSITY,,,
CHARLES DARWIN UNIVERSITY,,,
CHARLES STURT UNIVERSITY,,,
CHARLES UNIVERSITY,,,
CHIANG MAI UNIVERSITY,,,
CHIBA UNIVERSITY,,,
CHINA AGRICULTURAL UNIVERSITY,,,
China University of Geosciences,,,
CHONBUK NATIONAL UNIVERSITY,,,
CHONGQING UNIVERSITY,,,
CHONNAM NATIONAL UNIVERSITY,,,
CHRISTIAN-ALBRECHTS-UNIVERSITÄT ZU KIEL,,,
CHULALONGKORN UNIVERSITY,,,
Chung Yuan Christian University,,,
CHUNG-ANG UNIVERSITY,,,
CHUNGNAM NATIONAL UNIVERSITY,,,
CITY UNIVERSITY LONDON,,,
CITY UNIVERSITY OF HONG KONG,,,
CITY UNIVERSITY OF NEW YORK,,,
City University of London,,,
CLARK UNIVERSITY,,,
CLARKSON UNIVERSITY,,,
CLEMSON UNIVERSITY,,,
COLLEGE OF WILLIAM & MARY,,,
COLORADO STATE UNIVERSITY,,,
COLUMBIA UNIVERSITY,,,
COMENIUS UNIVERSITY IN BRATISLAVA,,,
COMSATS INSTITUTE OF INFORMATION TECHNOLOGY,,,
COMSATS University Islamabad,,,
CONCORDIA UNIVERSITY,,,
COPENHAGEN BUSINESS SCHOOL,,,
CORNELL UNIVERSITY,,,
CORVINUS UNIVERSITY OF BUDAPEST,,,
COVENTRY UNIVERSITY,,,
CRACOW UNIVERSITY OF TECHNOLOGY,,,
CRANFIELD UNIVERSITY,,,
CURTIN UNIVERSITY,,,
CZECH TECHNICAL UNIVERSITY IN PRAGUE,,,
Czech University of Life Sciences in Prague,,,
DALHOUSIE UNIVERSITY,,,
DALIAN UNIVERSITY OF TECHNOLOGY,,,
Damascus University,,,
DANKOOK UNIVERSITY,,,
DARTMOUTH COLLEGE,,,
DE LA SALLE UNIVERSITY,,,
De Montfort University,,,
DEAKIN UNIVERSITY,,,
DELFT UNIVERSITY OF TECHNOLOGY,,,
DIPONEGORO UNIVERSITY,,,
Dokuz Eylül Üniversitesi,,,
DONGGUK UNIVERSITY,,,
DOSHISHA UNIVERSITY,,,
DREXEL UNIVERSITY,,,
DUBLIN CITY UNIVERSITY (DCU),,,
DUBLIN INSTITUTE OF TECHNOLOGY (DIT),,,
DUKE UNIVERSITY,,,
DURHAM UNIVERSITY,,,
E.A.BUKETOV KARAGANDA STATE UNIVERSITY,,,
EAST CHINA NORMAL UNIVERSITY,,,
EAST CHINA UNIVERSITY OF SCIENCE AND TECHNOLOGY,,,
EBERHARD KARLS UNIVERSITÄT TÜBINGEN,,,
ECOLE DES PONTS PARISTECH,,,
ECOLE NORMALE SUPÉRIEURE DE CACHAN,,,
Ecole Normale Supérieure de Lyon,,,
ÉCOLE NORMALE SUPÉRIEURE DE LYON,,,
ECOLE POLYTECHNIQUE,,,
Ecole Polytechnique Fédérale de Lausanne (EPFL),,,
ÉCOLE POLYTECHNIQUE FÉDÉRALE DE LAUSANNE (EPFL),,,
EDINBURGH NAPIER UNIVERSITY,,,
EDITH COWAN UNIVERSITY (ECU),,,
Ege Üniversitesi,,,
EINDHOVEN UNIVERSITY OF TECHNOLOGY,,,
EMORY UNIVERSITY,,,
ENS Paris-Saclay,,,
EOTVOS LORAND UNIVERSITY,,,
ERASMUS UNIVERSITY ROTTERDAM,,,
ESCP EUROPE,,,
Escuela Politécnica Nacional,,,
ESCUELA SUPERIOR POLITÉCNICA DEL LITORAL - ESPOL,,,
ESSEC BUSINESS SCHOOL PARIS,,,
ETH ZURICH (SWISS FEDERAL INSTITUTE OF TECHNOLOGY),,,
EWHA WOMANS UNIVERSITY,,,
FAR EASTERN FEDERAL UNIVERSITY,,,
FENG CHIA UNIVERSITY,,,
FLINDERS UNIVERSITY,,,
FLORIDA INTERNATIONAL UNIVERSITY,,,
FLORIDA STATE UNIVERSITY,,,
FORDHAM UNIVERSITY,,,
FREIE UNIVERSITÄT BERLIN,,,
FU JEN CATHOLIC UNIVERSITY,,,
FUDAN UNIVERSITY,,,
GAZI ÜNIVERSITESI,,,
Gdansk University of Technology,,,
GEORG-AUGUST-UNIVERSITÄT GÖTTINGEN,,,
GEORGE MASON UNIVERSITY,,,
GEORGE WASHINGTON UNIVERSITY,,,
GEORGETOWN UNIVERSITY,,,
GEORGIA INSTITUTE OF TECHNOLOGY (GEORGIA TECH),,,
GEORGIA STATE UNIVERSITY,,,
GERMAN JORDANIAN UNIVERSITY,,,
German university in Cairo,,,
GIFU UNIVERSITY,,,
Glasgow Caledonian University,,,
GOLDSMITHS UNIVERSITY OF LONDON,,,
GRENOBLE INP GRENOBLE INSTITUTE OF TECHNOLOGY,,,
GRIFFITH UNIVERSITY,,,
Gulf University for Science and Technology (GUST),,,
GUNMA UNIVERSITY,,,
GWANGJU INSTITUTE OF SCIENCE AND TECHNOLOGY (GIST),,,
HACETTEPE UNIVERSITY,,,
HALLYM UNIVERSITY,,,
Hanoi University of Science & Technology (HUST),,,
HANYANG UNIVERSITY,,,
Harbin Engineering University,,,
HARBIN INSTITUTE OF TECHNOLOGY,,,
HARVARD UNIVERSITY,,,
Hasselt University,,,
HEBREW UNIVERSITY OF JERUSALEM,,,
HEC PARIS,,,
Helwan University,,,
HERIOT-WATT UNIVERSITY,,,
HIROSHIMA UNIVERSITY,,,
HITOTSUBASHI UNIVERSITY,,,
HOKKAIDO UNIVERSITY,,,
HOLY SPIRIT UNIVERSITY OF KASLIK,,,
HONG KONG BAPTIST UNIVERSITY (HKBU),,,
HOWARD UNIVERSITY,,,
HUAZHONG UNIVERSITY OF SCIENCE AND TECHNOLOGY,,,
HUFS – HANKUK (KOREA) UNIVERSITY OF FOREIGN STUDIES,,,
HUMBOLDT-UNIVERSITÄT ZU BERLIN,,,
HUNAN UNIVERSITY,,,
IE University,,,
ILLINOIS INSTITUTE OF TECHNOLOGY,,,
IMAM ABDULRAHMAN BIN FAISAL UNIVERSITY (IAU) (FORMERLY UNIVERSITY OF DAMMAM),,,
IMPERIAL COLLEGE LONDON,,,
IMT Atlantique,,,
INDIAN INSTITUTE OF SCIENCE (IISC) BANGALORE,,,
INDIAN INSTITUTE OF TECHNOLOGY BOMBAY (IITB),,,
INDIAN INSTITUTE OF TECHNOLOGY DELHI (IITD),,,
INDIAN INSTITUTE OF TECHNOLOGY GUWAHATI (IITG),,,
Indian Institute of Technology Hyderabad,,,
INDIAN INSTITUTE OF TECHNOLOGY KANPUR (IITK),,,
INDIAN INSTITUTE OF TECHNOLOGY KHARAGPUR (IITKGP),,,
INDIAN INSTITUTE OF TECHNOLOGY MADRAS (IITM),,,
INDIAN INSTITUTE OF TECHNOLOGY ROORKEE (IITR),,,
INDIANA UNIVERSITY BLOOMINGTON,,,
INDIANA UNIVERSITY-PURDUE UNIVERSITY INDIANAPOLIS,,,
INHA UNIVERSITY,,,
INSEAD (FRANCE),,,
INSTITUT NATIONAL DES SCIENCES APPLIQUÉES DE LYON (INSA),,,
INSTITUTO POLITÉCNICO NACIONAL (IPN),,,
INSTITUTO TECNOLÓGICO AUTONOMO DE MÉXICO (ITAM),,,
INSTITUTO TECNOLÓGICO DE BUENOS AIRES (ITBA),,,
INTERNATIONAL ISLAMIC UNIVERSITY MALAYSIA (IIUM),,,
IOWA STATE UNIVERSITY,,,
IRAN UNIVERSITY OF SCIENCE AND TECHNOLOGY,,,
Islamic University in Madinah,,,
ISTANBUL TECHNICAL UNIVERSITY,,,
ISTANBUL UNIVERSITY,,,
ITMO UNIVERSITY,,,
Ivane Javakhishvili Tbilisi State University,,,
Izmir Yüksek Teknoloji Enstitüsü (IYTE),,,
JADAVPUR UNIVERSITY,,,
JAGIELLONIAN UNIVERSITY,,,
JAMES COOK UNIVERSITY (JCU),,,
Jamia Hamdard New Delhi,,,
JAMIA MILLIA ISLAMIA NEW DELHI,,,
JAWAHARLAL NEHRU UNIVERSITY,,,
Jeonbuk National University,,,
JILIN UNIVERSITY,,,
Jinan University (China),,,
JOHANNES GUTENBERG UNIVERSITÄT MAINZ,,,
JOHANNES KEPLER UNIVERSITÄT LINZ (JKU),,,
JOHNS HOPKINS UNIVERSITY,,,
JORDAN UNIVERSITY OF SCIENCE AND TECHNOLOGY,,,
JULIUS-MAXIMILIANS-UNIVERSITÄT WÜRZBURG,,,
JUSTUS-LIEBIG-UNIVERSITÄT GIEßEN,,,
KAGOSHIMA UNIVERSITY,,,
KAIST - KOREA ADVANCED INSTITUTE OF SCIENCE AND TECHNOLOGY,,,
KANAZAWA UNIVERSITY,,,
KANSAS STATE UNIVERSITY,,,
Kaohsiung Medical University,,,
KARAGANDA STATE TECHNICAL UNIVERSITY,,,
KARL-FRANZENS-UNIVERSITÄT GRAZ,,,
KAROLINSKA INSTITUTE,,,
KASETSART UNIVERSITY,,,
KATHOLIEKE UNIVERSITEIT LEUVEN,,,
KAUNAS UNIVERSITY OF TECHNOLOGY,,,
KAZAKH ABLAI KHAN UNIVERSITY OF INTERNATIONAL RELATIONS AND WORLD LANGUAGES,,,
KAZAKH NATIONAL AGRARIAN UNIVERSITY,,,
KAZAKH NATIONAL PEDAGOGICAL UNIVERSITY ABAI,,,
KAZAKH NATIONAL TECHNICAL UNIVERSITY AFTER K.I.SATPAYEV,,,
KAZAKH-BRITISH TECHNICAL UNIVERSITY,,,
KAZAN FEDERAL UNIVERSITY,,,
KEELE UNIVERSITY,,,
KEIO UNIVERSITY,,,
KENT STATE UNIVERSITY,,,
KHALIFA UNIVERSITY,,,
KHON KAEN UNIVERSITY,,,
KIMEP,,,
KING ABDUL AZIZ UNIVERSITY (KAU),,,
KING ABDULLAH UNIVERSITY OF SCIENCE & TECHNOLOGY (KAUST),,,
KING FAHD UNIVERSITY OF PETROLEUM & MINERALS (KFUPM),,,
KING FAISAL UNIVERSITY,,,
KING KHALID UNIVERSITY,,,
King Mongkut's Institute of Technology Ladkrabang,,,
KING MONGKUT'S UNIVERSITY OF TECHNOLOGY THONBURI,,,
KING SAUD UNIVERSITY (KSU),,,
KING'S COLLEGE LONDON (KCL),,,
KINGSTON UNIVERSITY LONDON,,,
KIT KARLSRUHER INSTITUT FÜR TECHNOLOGIE,,,
KOBE UNIVERSITY,,,
KOÇ UNIVERSITY,,,
KONKUK UNIVERSITY,,,
KOREA UNIVERSITY,,,
KTH ROYAL INSTITUTE OF TECHNOLOGY,,,
KUMAMOTO UNIVERSITY,,,
KUWAIT UNIVERSITY,,,
KYOTO INSTITUTE OF TECHNOLOGY,,,
KYOTO UNIVERSITY,,,
KYUNG HEE UNIVERSITY,,,
KYUNGPOOK NATIONAL UNIVERSITY,,,
KYUSHU INSTITUTE OF TECHNOLOGY,,,
KYUSHU UNIVERSITY,,,
L.N. GUMILYOV EURASIAN NATIONAL UNIVERSITY,,,
LA TROBE UNIVERSITY,,,
LAHORE UNIVERSITY OF MANAGEMENT SCIENCES (LUMS),,,
LANCASTER UNIVERSITY,,,
LANZHOU UNIVERSITY,,,
LAPPEENRANTA UNIVERSITY OF TECHNOLOGY,,,
LAVAL UNIVERSITY,,,
LEBANESE AMERICAN UNIVERSITY,,,
Lebanese University,,,
Leeds Beckett University,,,
LEHIGH UNIVERSITY,,,
LEIBNIZ UNIVERSITÄT HANNOVER,,,
LEIDEN UNIVERSITY,,,
Libera Universita' di Bolzano,,,
LINCOLN UNIVERSITY,,,
LINGNAN UNIVERSITY (HONG KONG),,,
LINKÖPING UNIVERSITY,,,
Liverpool John Moores University,,,
LOBACHEVSKY STATE UNIVERSITY OF NIZHNI NOVGOROD,,,
LODZ UNIVERSITY OF TECHNOLOGY,,,
LOMONOSOV MOSCOW STATE UNIVERSITY,,,
LONDON BUSINESS SCHOOL,,,
LONDON METROPOLITAN UNIVERSITY,,,
LONDON SCHOOL OF ECONOMICS AND POLITICAL SCIENCE (LSE),,,
LONDON SOUTH BANK UNIVERSITY,,,
LOUGHBOROUGH UNIVERSITY,,,
LOUISIANA STATE UNIVERSITY,,,
LOYOLA UNIVERSITY CHICAGO,,,
LUDWIG-MAXIMILIANS-UNIVERSITÄT MÜNCHEN,,,
Luiss Guido Carli University,,,
LUND UNIVERSITY,,,
M.O.AUEZOV SOUTH KAZAKHSTAN STATE UNIVERSITY,,,
MAASTRICHT UNIVERSITY,,,
Macau University of Science and Technology,,,
MACQUARIE UNIVERSITY,,,
MAHIDOL UNIVERSITY,,,
Makerere University,,,
Management and Science University,,,
MANCHESTER METROPOLITAN UNIVERSITY,,,
Manipal Academy of Higher Education,,,
MANIPAL UNIVERSITY,,,
Mansoura University,,,
MARQUETTE UNIVERSITY,,,
MARTIN-LUTHER-UNIVERSITÄT HALLE-WITTENBERG,,,
MASARYK UNIVERSITY,,,
MASSACHUSETTS INSTITUTE OF TECHNOLOGY (MIT),,,
MASSEY UNIVERSITY,,,
MAYNOOTH UNIVERSITY,,,
MCGILL UNIVERSITY,,,
MCMASTER UNIVERSITY,,,
MEIJI UNIVERSITY,,,
MEMORIAL UNIVERSITY OF NEWFOUNDLAND,,,
Mendel University in Brno,,,
MIAMI UNIVERSITY,,,
MICHIGAN STATE UNIVERSITY,,,
MICHIGAN TECHNOLOGICAL UNIVERSITY,,,
MIDDLE EAST TECHNICAL UNIVERSITY,,,
MIDDLESEX UNIVERSITY,,,
MISSOURI UNIVERSITY OF SCIENCE AND TECHNOLOGY,,,
MONASH UNIVERSITY,,,
MOSCOW INSTITUTE OF PHYSICS AND TECHNOLOGY STATE UNIVERSITY,,,
MOSCOW STATE INSTITUTE OF INTERNATIONAL RELATIONS – MGIMO UNIVERSITY,,,
MULTIMEDIA UNIVERSITY (MMU),,,
MURDOCH UNIVERSITY,,,
MUSTANSIRIYAH UNIVERSITY,,,
NAGASAKI UNIVERSITY,,,
NAGOYA INSTITUTE OF TECHNOLOGY (NIT),,,
NAGOYA UNIVERSITY,,,
NANJING UNIVERSITY,,,
Nanjing University of Science and Technology,,,
NANKAI UNIVERSITY,,,
NANYANG TECHNOLOGICAL UNIVERSITY (NTU),,,
NATIONAL AND KAPODISTRIAN UNIVERSITY OF ATHENS,,,
NATIONAL CENTRAL UNIVERSITY,,,
NATIONAL CHENG KUNG UNIVERSITY,,,
NATIONAL CHENGCHI UNIVERSITY,,,
NATIONAL CHIAO TUNG UNIVERSITY,,,
NATIONAL CHUNG CHENG UNIVERSITY,,,
NATIONAL CHUNG HSING UNIVERSITY,,,
National Dong Hwa University,,,
NATIONAL RESEARCH NUCLEAR UNIVERSITY MEPHI (MOSCOW ENGINEERING PHYSICS INSTITUTE),,,
NATIONAL RESEARCH SARATOV STATE UNIVERSITY,,,
NATIONAL RESEARCH UNIVERSITY - HIGHER SCHOOL OF ECONOMICS (HSE),,,
NATIONAL SUN YAT-SEN UNIVERSITY,,,
NATIONAL TAIPEI UNIVERSITY OF TECHNOLOGY,,,
NATIONAL TAIWAN NORMAL UNIVERSITY,,,
National Taiwan Ocean University,,,
NATIONAL TAIWAN UNIVERSITY (NTU),,,
NATIONAL TAIWAN UNIVERSITY OF SCIENCE AND TECHNOLOGY,,,
NATIONAL TECHNICAL UNIVERSITY KHARKIV POLYTECHNIC INSTITUTE,,,
NATIONAL TECHNICAL UNIVERSITY OF ATHENS,,,
NATIONAL TECHNICAL UNIVERSITY OF UKRAINE KYIV POLYTECHNIC INSTITUTE,,,
NATIONAL TSING HUA UNIVERSITY,,,
NATIONAL UNIVERSITY LVIV POLYTECHNIC,,,
NATIONAL UNIVERSITY OF IRELAND GALWAY (NUIG),,,
National University of Kyiv-Mohyla Academy (NaUKMA),,,
NATIONAL UNIVERSITY OF SCIENCE AND TECHNOLOGY MISIS,,,
NATIONAL UNIVERSITY OF SCIENCES AND TECHNOLOGY (NUST) ISLAMABAD,,,
NATIONAL UNIVERSITY OF SINGAPORE (NUS),,,
NATIONAL YANG MING UNIVERSITY,,,
NEW JERSEY INSTITUTE OF TECHNOLOGY (NJIT),,,
NEW SCHOOL UNIVERSITY,,,
NEW YORK UNIVERSITY (NYU),,,
NEWCASTLE UNIVERSITY,,,
NICOLAUS COPERNICUS UNIVERSITY,,,
NIIGATA UNIVERSITY,,,
NORTH CAROLINA STATE UNIVERSITY,,,
NORTH-WEST UNIVERSITY,,,
NORTHEASTERN UNIVERSITY,,,
Northern Arizona University,,,
NORTHUMBRIA UNIVERSITY AT NEWCASTLE,,,
Northwest University (China),,,
Northwestern Polytechnical University,,,
NORTHWESTERN UNIVERSITY,,,
NORWEGIAN UNIVERSITY OF SCIENCE AND TECHNOLOGY,,,
NOTRE DAME UNIVERSITY - LOUAIZE (NDU),,,
Notre Dame University-Louaize (NDU),,,
NOTTINGHAM TRENT UNIVERSITY,,,
NOVOSIBIRSK STATE TECHNICAL UNIVERSITY,,,
NOVOSIBIRSK STATE UNIVERSITY,,,
O. P. Jindal Global University,,,
OCHANOMIZU UNIVERSITY,,,
OHIO STATE UNIVERSITY,,,
OHIO UNIVERSITY,,,
OKAYAMA UNIVERSITY,,,
OKLAHOMA STATE UNIVERSITY,,,
OREGON STATE UNIVERSITY,,,
OSAKA CITY UNIVERSITY,,,
OSAKA PREFECTURE UNIVERSITY,,,
OSAKA UNIVERSITY,,,
OXFORD BROOKES UNIVERSITY,,,
PADJADJARAN UNIVERSITY,,,
PAKISTAN INSTITUTE OF ENGINEERING AND APPLIED SCIENCES (PIEAS),,,
PALACKÝ UNIVERSITY IN OLOMOUC,,,
Panjab University,,,
PARIS LODRON UNIVERSITÄT SALZBURG,,,
Paris-Saclay University,,,
Pavlodar State University named after Toraighyrov,,,
Pavol Josef Safarik University,,,
PEKING UNIVERSITY,,,
PENNSYLVANIA STATE UNIVERSITY,,,
Perm State University,,,
PETER THE GREAT ST.PETERSBURG POLYTECHNIC UNIVERSITY,,,
PHILIPPS-UNIVERSITÄT MARBURG,,,
PLEKHANOV RUSSIAN UNIVERSITY OF ECONOMICS,,,
POHANG UNIVERSITY OF SCIENCE AND TECHNOLOGY (POSTECH),,,
Politecnico di Bari,,,
POLITECNICO DI MILANO,,,
POLITECNICO DI TORINO,,,
PONTIFICIA UNIVERSIDAD CATÓLICA ARGENTINA SANTA MARÍA DE LOS BUENOS AIRES (UCA),,,
PONTIFICIA UNIVERSIDAD CATÓLICA DE CHILE,,,
PONTIFICIA UNIVERSIDAD CATÓLICA DE VALPARAÍSO,,,
Pontificia Universidad Catolica del Ecuador,,,
PONTIFICIA UNIVERSIDAD CATÓLICA DEL ECUADOR,,,
PONTIFICIA UNIVERSIDAD CATÓLICA DEL PERÚ,,,
PONTIFICIA UNIVERSIDAD JAVERIANA,,,
PONTIFICIA UNIVERSIDADE CATÓLICA DE SÃO PAULO (PUC-SP),,,
Pontificia Universidade Católica do Rio de Janeiro - PUC - Rio,,,
PONTIFÍCIA UNIVERSIDADE CATÓLICA DO RIO DE JANEIRO - PUC - RIO,,,
Pontificia Universidade Católica do Rio Grande do Sul,,,
PONTIFÍCIA UNIVERSIDADE CATÓLICA DO RIO GRANDE DO SUL,,,
POZNAN UNIVERSITY OF TECHNOLOGY,,,
Prince Mohammad Bin Fahd University,,,
PRINCE OF SONGKLA UNIVERSITY,,,
Princess Nourah bint Abdulrahman University,,,
Princess Sumaya University for Technology,,,
PRINCETON UNIVERSITY,,,
PSL UNIVERSITY,,,
PURDUE UNIVERSITY,,,
PUSAN NATIONAL UNIVERSITY,,,
QATAR UNIVERSITY,,,
QUAID-I-AZAM UNIVERSITY,,,
Queen Margaret University  Edinburgh,,,
QUEEN MARY UNIVERSITY OF LONDON (QMUL),,,
QUEEN'S UNIVERSITY,,,
QUEEN'S UNIVERSITY OF BELFAST,,,
QUEENSLAND UNIVERSITY OF TECHNOLOGY (QUT),,,
RADBOUD UNIVERSITY NIJMEGEN,,,
RENMIN (PEOPLE’S) UNIVERSITY OF CHINA,,,
RENSSELAER POLYTECHNIC INSTITUTE,,,
RHEINISCH-WESTFÄLISCHE TECHNISCHE HOCHSCHULE AACHEN,,,
RHEINISCHE FRIEDRICH-WILHELMS-UNIVERSITÄT BONN,,,
RHODES UNIVERSITY,,,
RICE UNIVERSITY,,,
RIGA STRADINS UNIVERSITY,,,
RIGA TECHNICAL UNIVERSITY,,,
Rikkyo University,,,
RITSUMEIKAN UNIVERSITY,,,
RMIT UNIVERSITY,,,
Rovira i Virgili University,,,
ROYAL HOLLOWAY UNIVERSITY OF LONDON,,,
RUDN UNIVERSITY,,,
RUHR-UNIVERSITÄT BOCHUM,,,
RUPRECHT-KARLS-UNIVERSITÄT HEIDELBERG,,,
Russian State University for the Humanities RGGU,,,
RUTGERS - THE STATE UNIVERSITY OF NEW JERSEY NEW BRUNSWICK,,,
RUTGERS - THE STATE UNIVERSITY OF NEW JERSEY NEWARK,,,
RYERSON UNIVERSITY,,,
S.Seifullin Kazakh Agro Technical University,,,
SABANCI UNIVERSITY,,,
Saint-Petersburg Electrotechnical University,,,
SAINT-PETERSBURG STATE UNIVERSITY,,,
SAITAMA UNIVERSITY,,,
SAMARA NATIONAL RESEARCH UNIVERSITY (SAMARA UNIVERSITY),,,
SAN DIEGO STATE UNIVERSITY,,,
SAPIENZA - UNIVERSITÀ DI ROMA,,,
SARAJEVO SCHOOL OF SCIENCE AND TECHNOLOGY,,,
Satbayev University (previously Kazakh Technical University named after K.I. Satpaev),,,
SAVITRIBAI PHULE PUNE UNIVERSITY,,,
SCIENCES PO PARIS,,,
SCUOLA NORMALE SUPERIORE DI PISA,,,
SCUOLA SUPERIORE SANT'ANNA PISA,,,
SEJONG UNIVERSITY,,,
SEOUL NATIONAL UNIVERSITY (SNU),,,
SEOUL NATIONAL UNIVERSITY OF SCIENCE AND TECHNOLOGY,,,
SEPULUH NOPEMBER INSTITUTE OF TECHNOLOGY,,,
SHAHID BEHESHTI UNIVERSITY TEHRAN,,,
SHANDONG UNIVERSITY,,,
SHANGHAI INTERNATIONAL STUDIES UNIVERSITY,,,
SHANGHAI JIAO TONG UNIVERSITY,,,
SHANGHAI UNIVERSITY,,,
SHARIF UNIVERSITY OF TECHNOLOGY,,,
Sheffield Hallam University,,,
Shenzhen University,,,
SHINSHU UNIVERSITY,,,
SHIRAZ UNIVERSITY,,,
SIBERIAN FEDERAL UNIVERSITY,,,
SICHUAN UNIVERSITY,,,
Silesian University of Technology in Gliwice,,,
SIMON FRASER UNIVERSITY,,,
SINGAPORE MANAGEMENT UNIVERSITY,,,
SLOVAK UNIVERSITY OF TECHNOLOGY IN BRATISLAVA,,,
SMITH COLLEGE,,,
SOAS - SCHOOL OF ORIENTAL AND AFRICAN STUDIES UNIVERSITY OF LONDON,,,
SOFIA UNIVERSITY ST. KLIMENT OHRIDSKI,,,
SOGANG UNIVERSITY,,,
Soochow University,,,
SOPHIA UNIVERSITY,,,
SORBONNE UNIVERSITY,,,
SOUTH CHINA UNIVERSITY OF TECHNOLOGY,,,
SOUTH URAL STATE UNIVERSITY,,,
SOUTHEAST UNIVERSITY,,,
SOUTHERN CROSS UNIVERSITY,,,
SOUTHERN FEDERAL UNIVERSITY,,,
SOUTHERN METHODIST UNIVERSITY,,,
Southern University of Science and Technology,,,
St. George's University of London,,,
St.Petersburg Mining University,,,
STANFORD UNIVERSITY,,,
STELLENBOSCH UNIVERSITY,,,
STEVENS INSTITUTE OF TECHNOLOGY,,,
STOCKHOLM SCHOOL OF ECONOMICS,,,
STOCKHOLM UNIVERSITY,,,
STONY BROOK UNIVERSITY,,,
SULTAN QABOOS UNIVERSITY,,,
SUMY STATE UNIVERSITY,,,
SUN YAT-SEN UNIVERSITY,,,
SUNGKYUNKWAN UNIVERSITY,,,
Sunway University,,,
Suranaree University of Technology,,,
SWANSEA UNIVERSITY,,,
SWINBURNE UNIVERSITY OF TECHNOLOGY,,,
SYRACUSE UNIVERSITY,,,
Szent István University Gödöllő,,,
TAIPEI MEDICAL UNIVERSITY,,,
TALLINN UNIVERSITY,,,
TALLINN UNIVERSITY OF TECHNOLOGY,,,
Tamkang University,,,
Tampere University,,,
TAMPERE UNIVERSITY OF TECHNOLOGY,,,
TARAS SHEVCHENKO NATIONAL UNIVERSITY OF KYIV,,,
TAYLOR'S UNIVERSITY,,,
Technical University of Cluj-Napoca,,,
TECHNICAL UNIVERSITY OF DENMARK,,,
TECHNICAL UNIVERSITY OF KOSICE,,,
Technical University of Liberec,,,
Technical University of Ostrava,,,
TECHNION - ISRAEL INSTITUTE OF TECHNOLOGY,,,
TECHNISCHE UNIVERSITÄT BERLIN,,,
TECHNISCHE UNIVERSITÄT BRAUNSCHWEIG,,,
TECHNISCHE UNIVERSITÄT DARMSTADT,,,
TECHNISCHE UNIVERSITÄT DORTMUND,,,
TECHNISCHE UNIVERSITÄT DRESDEN,,,
TECHNISCHE UNIVERSITÄT GRAZ,,,
TECHNISCHE UNIVERSITÄT MÜNCHEN,,,
TECHNISCHE UNIVERSITÄT WIEN,,,
Technological University of Dublin,,,
TECNOLÓGICO DE COSTA RICA -TEC,,,
Tecnológico de Costa Rica (TEC),,,
TECNOLÓGICO DE MONTERREY (ITESM),,,
TEL AVIV UNIVERSITY,,,
TELECOM ParisTech,,,
TEMPLE UNIVERSITY,,,
TEXAS A&M UNIVERSITY,,,
TEXAS TECH UNIVERSITY,,,
THAMMASAT UNIVERSITY,,,
Thapar Institute of Engineering and Technology,,,
THAPAR UNIVERSITY,,,
The Gheorghe Asachi Technical University of Iasi,,,
The American University in Cairo,,,
THE CATHOLIC UNIVERSITY OF KOREA,,,
THE CHINESE UNIVERSITY OF HONG KONG (CUHK),,,
The Hashemite University,,,
THE HONG KONG POLYTECHNIC UNIVERSITY,,,
THE HONG KONG UNIVERSITY OF SCIENCE AND TECHNOLOGY (HKUST),,,
THE ROBERT GORDON UNIVERSITY,,,
The Russian Presidential Academy of National Economy and Public Administration,,,
THE UNIVERSITY OF ADELAIDE,,,
THE UNIVERSITY OF AUCKLAND,,,
THE UNIVERSITY OF GEORGIA,,,
THE UNIVERSITY OF MANCHESTER,,,
THE UNIVERSITY OF MELBOURNE,,,
THE UNIVERSITY OF NEW SOUTH WALES (UNSW),,,
THE UNIVERSITY OF NOTTINGHAM,,,
THE UNIVERSITY OF QUEENSLAND (UQ),,,
THE UNIVERSITY OF SHEFFIELD,,,
THE UNIVERSITY OF SYDNEY,,,
The University of Tokushima,,,
THE UNIVERSITY OF TOKYO,,,
THE UNIVERSITY OF WARWICK,,,
THE UNIVERSITY OF WESTERN AUSTRALIA (UWA),,,
TIANJIN UNIVERSITY,,,
TILBURG UNIVERSITY,,,
TOHOKU UNIVERSITY,,,
TOKAI UNIVERSITY,,,
TOKYO INSTITUTE OF TECHNOLOGY,,,
TOKYO MEDICAL AND DENTAL UNIVERSITY,,,
TOKYO METROPOLITAN UNIVERSITY,,,
TOKYO UNIVERSITY OF AGRICULTURE AND TECHNOLOGY,,,
TOKYO UNIVERSITY OF SCIENCE,,,
TOMSK POLYTECHNIC UNIVERSITY,,,
TOMSK STATE UNIVERSITY,,,
Ton Duc Thang University,,,
TONGJI UNIVERSITY,,,
TRINITY COLLEGE DUBLIN (TCD),,,
TSINGHUA UNIVERSITY,,,
TUFTS UNIVERSITY,,,
TULANE UNIVERSITY,,,
Tunghai University,,,
UCL (UNIVERSITY COLLEGE LONDON),,,
UCSI UNIVERSITY,,,
Ulster University,,,
UMEÅ UNIVERSITY,,,
UMM AL-QURA UNIVERSITY (UQU),,,
UNITED ARAB EMIRATES UNIVERSITY,,,
UNIVERSIDAD ADOLFO IBÁÑEZ,,,
UNIVERSIDAD ANAHUAC,,,
Universidad Andrés Bello - UNAB,,,
UNIVERSIDAD AUSTRAL,,,
UNIVERSIDAD AUSTRAL DE CHILE,,,
Universidad Autónoma de Baja California,,,
Universidad Autónoma de Chapingo,,,
Universidad Autónoma de Chile,,,
UNIVERSIDAD AUTÓNOMA DE MADRID,,,
UNIVERSIDAD AUTÓNOMA DE NUEVO LEÓN (UANL),,,
Universidad Autónoma de Querétaro,,,
Universidad Autónoma de San Luis de Potosí,,,
Universidad Autónoma de Yucatán,,,
UNIVERSIDAD AUTÓNOMA DEL ESTADO DE MÉXICO,,,
Universidad Autónoma del Estado de Morelos,,,
UNIVERSIDAD AUTÓNOMA METROPOLITANA (UAM),,,
UNIVERSIDAD CARLOS III DE MADRID,,,
UNIVERSIDAD CATÓLICA ANDRÉS BELLO - UCAB,,,
Universidad Católica Boliviana,,,
Universidad Católica de Colombia,,,
Universidad Católica de Córdoba,,,
Universidad Católica del Norte,,,
Universidad Católica del Uruguay,,,
UNIVERSIDAD CENTRAL DE VENEZUELA (UCV),,,
Universidad Central del Ecuador,,,
Universidad Central Marta Abreu de Las Villas,,,
UNIVERSIDAD COMPLUTENSE DE MADRID (UCM),,,
UNIVERSIDAD DE ALCALÁ,,,
Universidad de Alicante,,,
UNIVERSIDAD DE ANTIOQUIA,,,
UNIVERSIDAD DE BELGRANO,,,
UNIVERSIDAD DE BUENOS AIRES,,,
UNIVERSIDAD DE CASTILLA-LA MANCHA,,,
UNIVERSIDAD DE CHILE,,,
UNIVERSIDAD DE CONCEPCIÓN,,,
UNIVERSIDAD DE COSTA RICA,,,
UNIVERSIDAD DE GRANADA,,,
UNIVERSIDAD DE GUADALAJARA (UDG),,,
Universidad de Guanajuato,,,
Universidad de la Frontera (UFRO),,,
UNIVERSIDAD DE LA HABANA,,,
UNIVERSIDAD DE LA REPÚBLICA (UDELAR),,,
UNIVERSIDAD DE LA SABANA,,,
Universidad de La Salle,,,
UNIVERSIDAD DE LAS AMÉRICAS PUEBLA (UDLAP),,,
Universidad de las Fuerzas Armadas (ESPE),,,
Universidad de Lima,,,
Universidad de los Andes Chile,,,
UNIVERSIDAD DE LOS ANDES COLOMBIA,,,
UNIVERSIDAD DE LOS ANDES MÉRIDA,,,
Universidad de Medellin,,,
UNIVERSIDAD DE MONTERREY,,,
UNIVERSIDAD DE MONTEVIDEO,,,
UNIVERSIDAD DE MURCIA,,,
UNIVERSIDAD DE NAVARRA,,,
UNIVERSIDAD DE OVIEDO,,,
UNIVERSIDAD DE PALERMO,,,
Universidad de Panamá (UP),,,
UNIVERSIDAD DE PUERTO RICO,,,
UNIVERSIDAD DE SALAMANCA,,,
UNIVERSIDAD DE SAN ANDRÉS,,,
UNIVERSIDAD DE SAN FRANCISCO DE QUITO,,,
UNIVERSIDAD DE SANTIAGO DE CHILE (USACH),,,
UNIVERSIDAD DE SEVILLA,,,
Universidad de Sonora,,,
UNIVERSIDAD DE TALCA,,,
UNIVERSIDAD DE VALPARAÍSO,,,
UNIVERSIDAD DE ZARAGOZA,,,
Universidad del Bio-Bio,,,
Universidad del Desarrollo,,,
UNIVERSIDAD DEL NORTE,,,
Universidad del Pacifico,,,
UNIVERSIDAD DEL PAIS VASCO,,,
UNIVERSIDAD DEL ROSARIO,,,
UNIVERSIDAD DEL VALLE,,,
UNIVERSIDAD DIEGO PORTALES,,,
UNIVERSIDAD EAFIT,,,
UNIVERSIDAD EXTERNADO DE COLOMBIA,,,
UNIVERSIDAD IBEROAMERICANA (UIA),,,
Universidad ICESI,,,
UNIVERSIDAD INDUSTRIAL DE SANTANDER,,,
UNIVERSIDAD LATINOAMERICANA DE CIENCIA Y TECNOLOGÍA COSTA RICA (ULACIT),,,
Universidad Mayor de San Andrés,,,
UNIVERSIDAD METROPOLITANA,,,
Universidad Nacional Agraria la Molina,,,
UNIVERSIDAD NACIONAL AUTÓNOMA DE MÉXICO (UNAM),,,
UNIVERSIDAD NACIONAL COSTA RICA,,,
Universidad Nacional de Asunción,,,
UNIVERSIDAD NACIONAL DE COLOMBIA,,,
UNIVERSIDAD NACIONAL DE CÓRDOBA,,,
UNIVERSIDAD NACIONAL DE CUYO,,,
UNIVERSIDAD NACIONAL DE LA PLATA,,,
UNIVERSIDAD NACIONAL DE MAR DEL PLATA,,,
Universidad Nacional de Quilmes,,,
UNIVERSIDAD NACIONAL DE ROSARIO,,,
Universidad Nacional de San Luis,,,
Universidad Nacional de San Martín (UNSAM),,,
Universidad Nacional de Tucumán,,,
UNIVERSIDAD NACIONAL DEL LITORAL,,,
Universidad Nacional del Sur,,,
UNIVERSIDAD NACIONAL MAYOR DE SAN MARCOS,,,
Universidad ORT Uruguay,,,
UNIVERSIDAD PANAMERICANA (UP),,,
UNIVERSIDAD PERUANA CAYETANO HEREDIA,,,
Universidad Peruana de Ciencias Aplicadas,,,
UNIVERSIDAD POLITÉCNICA DE MADRID,,,
UNIVERSIDAD POLITECNICA DE VALENCIA,,,
Universidad Pontificia Bolivariana,,,
Universidad Pontificia Comillas,,,
UNIVERSIDAD REY JUAN CARLOS,,,
UNIVERSIDAD SIMÓN BOLÍVAR VENEZUELA,,,
UNIVERSIDAD TÉCNICA FEDERICO SANTA MARÍA,,,
UNIVERSIDAD TECNOLÓGICA DE PANAMÁ (UTP),,,
UNIVERSIDAD TECNOLÓGICA NACIONAL (UTN),,,
UNIVERSIDAD TORCUATO DI TELLA,,,
Universidade Catolica Portuguesa Lisboa,,,
UNIVERSIDADE CATÓLICA PORTUGUESA LISBOA,,,
UNIVERSIDADE DA CORUÑA,,,
Universidade de Brasilia,,,
UNIVERSIDADE DE BRASÍLIA,,,
UNIVERSIDADE DE SANTIAGO DE COMPOSTELA,,,
UNIVERSIDADE DE SÃO PAULO (USP),,,
UNIVERSIDADE DE VIGO,,,
UNIVERSIDADE DO ESTADO DO RIO DE JANEIRO (UERJ),,,
UNIVERSIDADE ESTADUAL DE CAMPINAS (UNICAMP),,,
UNIVERSIDADE ESTADUAL DE LONDRINA,,,
UNIVERSIDADE ESTADUAL PAULISTA JÚLIO DE MESQUITA FILHO,,,
UNIVERSIDADE FEDERAL DA BAHIA,,,
UNIVERSIDADE FEDERAL DE MINAS GERAIS,,,
UNIVERSIDADE FEDERAL DE SANTA CATARINA,,,
UNIVERSIDADE FEDERAL DE SANTA MARIA,,,
UNIVERSIDADE FEDERAL DE SÃO CARLOS,,,
UNIVERSIDADE FEDERAL DE SÃO PAULO (UNIFESP),,,
UNIVERSIDADE FEDERAL DE VIÇOSA,,,
UNIVERSIDADE FEDERAL DO CEARÁ (UFC),,,
UNIVERSIDADE FEDERAL DO PARANÁ (UFPR),,,
UNIVERSIDADE FEDERAL DO PERNAMBUCO,,,
UNIVERSIDADE FEDERAL DO RIO DE JANEIRO,,,
UNIVERSIDADE FEDERAL DO RIO GRANDE DO SUL,,,
UNIVERSIDADE FEDERAL FLUMINENSE,,,
UNIVERSIDADE NOVA DE LISBOA,,,
UNIVERSITÀ DEGLI STUDI DI PALERMO,,,
UNIVERSITÀ CA' FOSCARI VENEZIA,,,
UNIVERSITÀ CATTOLICA DEL SACRO CUORE,,,
UNIVERSITÀ COMMERCIALE LUIGI BOCCONI,,,
UNIVERSITÀ DEGLI STUDI DI CATANIA (UNICT),,,
UNIVERSITÀ DEGLI STUDI DI FERRARA,,,
UNIVERSITÀ DEGLI STUDI DI FIRENZE (UNIFI),,,
UNIVERSITÀ DEGLI STUDI DI GENOVA,,,
UNIVERSITÀ DEGLI STUDI DI MILANO,,,
UNIVERSITÀ DEGLI STUDI DI MODENA E REGGIO EMILIA,,,
UNIVERSITÀ DEGLI STUDI DI NAPOLI FEDERICO II,,,
UNIVERSITÀ DEGLI STUDI DI PADOVA (UNIPD),,,
UNIVERSITÀ DEGLI STUDI DI PAVIA (UNIPV),,,
UNIVERSITÀ DEGLI STUDI DI PERUGIA,,,
UNIVERSITÁ DEGLI STUDI DI ROMA - TOR VERGATA,,,
Università degli Studi di Salerno,,,
UNIVERSITÀ DEGLI STUDI DI SIENA (UNISI),,,
UNIVERSITÀ DEGLI STUDI DI TORINO (UNITO),,,
UNIVERSITÀ DEGLI STUDI DI TRENTO,,,
UNIVERSITÀ DEGLI STUDI DI TRIESTE (UNITS),,,
Universita degli Studi di Udine,,,
UNIVERSITÀ DEGLI STUDI ROMA TRE,,,
Università della Calabria,,,
UNIVERSITÀ DI BOLOGNA (UNIBO),,,
UNIVERSITÀ DI PISA,,,
Università Vita-Salute San Raffaele,,,
Universita' Politecnica delle Marche,,,
UNIVERSITAS GADJAH MADA,,,
Universitas Muhammadiyah Surakarta,,,
UNIVERSITAT AUTÓNOMA DE BARCELONA,,,
UNIVERSITÄT BAYREUTH,,,
UNIVERSITÄT BIELEFELD,,,
UNIVERSITÄT BREMEN,,,
UNIVERSITAT DE BARCELONA (UB),,,
Universitat de Valencia,,,
UNIVERSITAT DE VALÈNCIA,,,
UNIVERSITÄT DES SAARLANDES,,,
UNIVERSITÄT DUISBURG-ESSEN,,,
UNIVERSITÄT DÜSSELDORF,,,
UNIVERSITÄT ERLANGEN-NÜRNBERG,,,
UNIVERSITÄT FRANKFURT AM MAIN,,,
UNIVERSITÄT FREIBURG,,,
UNIVERSITÄT HAMBURG,,,
UNIVERSITÄT HOHENHEIM,,,
UNIVERSITÄT INNSBRUCK,,,
UNIVERSITÄT JENA,,,
UNIVERSITÄT KÖLN,,,
UNIVERSITÄT KONSTANZ,,,
UNIVERSITÄT LEIPZIG,,,
UNIVERSITÄT MANNHEIM,,,
UNIVERSITAT POLITÈCNICA DE CATALUNYA,,,
UNIVERSITAT POMPEU FABRA,,,
UNIVERSITÄT POTSDAM,,,
UNIVERSITAT RAMON LLULL,,,
UNIVERSITÄT REGENSBURG,,,
UNIVERSITÄT ROSTOCK,,,
Universität Siegen,,,
UNIVERSITÄT STUTTGART,,,
UNIVERSITÄT ULM,,,
UNIVERSITÄT WIEN,,,
UNIVERSITÉ AIX-MARSEILLE,,,
UNIVERSITÉ CATHOLIQUE DE LOUVAIN (UCL),,,
UNIVERSITÉ CLAUDE BERNARD LYON 1,,,
UNIVERSITÉ DE BORDEAUX,,,
UNIVERSITÉ DE CAEN BASSE-NORMANDIE,,,
Université de Caen Normandie,,,
UNIVERSITÉ DE CERGY-PONTOISE,,,
UNIVERSITÉ DE FRIBOURG,,,
UNIVERSITÉ DE LILLE,,,
UNIVERSITÉ DE LORRAINE,,,
UNIVERSITÉ DE MONTPELLIER,,,
UNIVERSITÉ DE MONTRÉAL,,,
UNIVERSITÉ DE NANTES,,,
Université de Paris,,,
UNIVERSITÉ DE POITIERS,,,
UNIVERSITÉ DE RENNES 1,,,
UNIVERSITÉ DE SHERBROOKE,,,
UNIVERSITÉ DE STRASBOURG,,,
UNIVERSITÉ DE TECHNOLOGIE COMPIÈGNE (UTC),,,
Université de Versailles Saint-Quentin-en-Yvelines (UVSQ),,,
UNIVERSITÉ DU QUÉBEC,,,
UNIVERSITÉ GRENOBLE-ALPES (UGA),,,
UNIVERSITÉ JEAN MOULIN LYON 3,,,
UNIVERSITÉ LIBRE DE BRUXELLES (ULB),,,
UNIVERSITÉ LUMIÈRE LYON 2,,,
Université Mohammed V de Rabat,,,
UNIVERSITÉ NICE SOPHIA-ANTIPOLIS,,,
UNIVERSITÉ PANTHÉON-ASSAS (PARIS 2),,,
UNIVERSITÉ PARIS 1 PANTHÉON-SORBONNE,,,
UNIVERSITÉ PARIS DESCARTES,,,
UNIVERSITÉ PARIS DIDEROT - PARIS 7,,,
UNIVERSITÉ PARIS OUEST NANTERRE LA DÉFENSE,,,
Université Paris-Nanterre,,,
UNIVERSITÉ PARIS-SUD 11,,,
UNIVERSITÉ PAUL SABATIER TOULOUSE III,,,
UNIVERSITÉ PAUL-VALÉRY MONTPELLIER 3,,,
Université PSL (Paris Sciences & Lettres),,,
UNIVERSITÉ SAINT-JOSEPH DE BEYROUTH,,,
Université Sorbonne Nouvelle Paris 3,,,
UNIVERSITÉ TOULOUSE 1 CAPITOLE,,,
Universiti Brunei Darussalam (UBD),,,
UNIVERSITI KEBANGSAAN MALAYSIA (UKM),,,
UNIVERSITI MALAYA (UM),,,
Universiti Malaysia Pahang (UMP),,,
Universiti Malaysia Sarawak (UNIMAS),,,
Universiti Malaysia Terengganu (UMT),,,
UNIVERSITI PUTRA MALAYSIA (UPM),,,
UNIVERSITI SAINS MALAYSIA (USM),,,
UNIVERSITI TEKNOLOGI BRUNEI,,,
UNIVERSITI TEKNOLOGI MALAYSIA (UTM),,,
UNIVERSITI TEKNOLOGI MARA (UITM),,,
UNIVERSITI TEKNOLOGI PETRONAS (PETRONAS),,,
UNIVERSITI TENAGA NASIONAL (UNITEN),,,
Universiti Tunku Abdul Rahman (UTAR),,,
UNIVERSITI UTARA MALAYSIA (UUM),,,
Universitö degli studi di Bergamo,,,
Universitö della Svizzera italiana,,,
UNIVERSITY AT ALBANY SUNY,,,
UNIVERSITY AT BUFFALO SUNY,,,
UNIVERSITY COLLEGE CORK (UCC),,,
UNIVERSITY COLLEGE DUBLIN (UCD),,,
University Côte d'Azur,,,
University Malaysia Perlis (UniMAP),,,
UNIVERSITY OF ABERDEEN,,,
University of Agriculture Faisalabad,,,
UNIVERSITY OF ALABAMA,,,
UNIVERSITY OF ALBERTA,,,
UNIVERSITY OF AMSTERDAM,,,
UNIVERSITY OF ANTWERP,,,
UNIVERSITY OF ARIZONA,,,
UNIVERSITY OF ARKANSAS,,,
University of Arkansas Fayetteville,,,
UNIVERSITY OF AVEIRO,,,
UNIVERSITY OF BABYLON,,,
UNIVERSITY OF BAGHDAD,,,
UNIVERSITY OF BAHRAIN,,,
UNIVERSITY OF BALAMAND,,,
UNIVERSITY OF BARI,,,
UNIVERSITY OF BASEL,,,
University of Basrah,,,
UNIVERSITY OF BATH,,,
UNIVERSITY OF BELGRADE,,,
UNIVERSITY OF BERGEN,,,
UNIVERSITY OF BERN,,,
UNIVERSITY OF BIRMINGHAM,,,
UNIVERSITY OF BRADFORD,,,
UNIVERSITY OF BRAWIJAYA,,,
UNIVERSITY OF BRESCIA,,,
UNIVERSITY OF BRIGHTON,,,
UNIVERSITY OF BRISTOL,,,
UNIVERSITY OF BRITISH COLUMBIA,,,
UNIVERSITY OF BRUNEI DARUSSALAM,,,
UNIVERSITY OF BUCHAREST,,,
UNIVERSITY OF CALCUTTA,,,
UNIVERSITY OF CALGARY,,,
UNIVERSITY OF CALIFORNIA BERKELEY (UCB),,,
UNIVERSITY OF CALIFORNIA DAVIS (UCD),,,
UNIVERSITY OF CALIFORNIA IRVINE (UCI),,,
UNIVERSITY OF CALIFORNIA LOS ANGELES (UCLA),,,
UNIVERSITY OF CALIFORNIA RIVERSIDE (UCR),,,
UNIVERSITY OF CALIFORNIA SAN DIEGO (UCSD),,,
UNIVERSITY OF CALIFORNIA SAN FRANCISCO (UCSF),,,
UNIVERSITY OF CALIFORNIA SANTA BARBARA (UCSB),,,
UNIVERSITY OF CALIFORNIA SANTA CRUZ (UCSC),,,
UNIVERSITY OF CAMBRIDGE,,,
UNIVERSITY OF CANBERRA,,,
UNIVERSITY OF CANTERBURY,,,
UNIVERSITY OF CAPE TOWN,,,
UNIVERSITY OF CENTRAL FLORIDA,,,
UNIVERSITY OF CENTRAL LANCASHIRE,,,
University of Chemistry and Technology Prague,,,
UNIVERSITY OF CHICAGO,,,
UNIVERSITY OF CINCINNATI,,,
UNIVERSITY OF COIMBRA,,,
UNIVERSITY OF COLOMBO,,,
UNIVERSITY OF COLORADO AT BOULDER,,,
UNIVERSITY OF COLORADO AT DENVER,,,
UNIVERSITY OF CONNECTICUT,,,
UNIVERSITY OF COPENHAGEN,,,
University of Côte d'Azur,,,
UNIVERSITY OF CRETE,,,
University of Cyprus,,,
UNIVERSITY OF DEBRECEN,,,
UNIVERSITY OF DELAWARE,,,
UNIVERSITY OF DELHI,,,
UNIVERSITY OF DENVER,,,
UNIVERSITY OF DHAKA,,,
UNIVERSITY OF DUNDEE,,,
UNIVERSITY OF EAST ANGLIA (UEA),,,
UNIVERSITY OF EAST LONDON,,,
UNIVERSITY OF EASTERN FINLAND,,,
UNIVERSITY OF ECONOMICS PRAGUE,,,
UNIVERSITY OF EDINBURGH,,,
UNIVERSITY OF ELECTRONIC SCIENCE AND TECHNOLOGY OF CHINA,,,
UNIVERSITY OF ENGINEERING & TECHNOLOGY (UET) LAHORE,,,
UNIVERSITY OF ESSEX,,,
UNIVERSITY OF EXETER,,,
UNIVERSITY OF FLORIDA,,,
UNIVERSITY OF GDANSK,,,
UNIVERSITY OF GENEVA,,,
University of Ghana,,,
UNIVERSITY OF GHENT,,,
UNIVERSITY OF GLASGOW,,,
UNIVERSITY OF GOTHENBURG,,,
UNIVERSITY OF GREENWICH,,,
UNIVERSITY OF GRONINGEN,,,
UNIVERSITY OF GUELPH,,,
UNIVERSITY OF HAIFA,,,
UNIVERSITY OF HAWAII AT MĀNOA,,,
UNIVERSITY OF HELSINKI,,,
UNIVERSITY OF HERTFORDSHIRE,,,
UNIVERSITY OF HONG KONG (HKU),,,
UNIVERSITY OF HOUSTON,,,
UNIVERSITY OF HUDDERSFIELD,,,
UNIVERSITY OF HULL,,,
UNIVERSITY OF HYDERABAD,,,
UNIVERSITY OF ILLINOIS AT URBANA-CHAMPAIGN,,,
UNIVERSITY OF ILLINOIS CHICAGO (UIC),,,
UNIVERSITY OF INDONESIA,,,
UNIVERSITY OF IOWA,,,
UNIVERSITY OF JOHANNESBURG,,,
UNIVERSITY OF JORDAN,,,
UNIVERSITY OF JYVÄSKYLÄ,,,
UNIVERSITY OF KANSAS,,,
University of Karachi,,,
UNIVERSITY OF KENT,,,
UNIVERSITY OF KENTUCKY,,,
University of Klagenfurt,,,
UNIVERSITY OF KUFA,,,
UNIVERSITY OF KWAZULU-NATAL,,,
University of Lahore,,,
UNIVERSITY OF LATVIA,,,
UNIVERSITY OF LAUSANNE,,,
UNIVERSITY OF LEEDS,,,
UNIVERSITY OF LEICESTER,,,
UNIVERSITY OF LIEGE,,,
UNIVERSITY OF LIMERICK (UL),,,
University of Lincoln,,,
UNIVERSITY OF LISBON,,,
UNIVERSITY OF LIVERPOOL,,,
UNIVERSITY OF LJUBLJANA,,,
UNIVERSITY OF LODZ,,,
UNIVERSITY OF MACAU,,,
University of Malaysia Sabah (UMS),,,
University of Malta (L-Università ta' Malta),,,
UNIVERSITY OF MANITOBA,,,
UNIVERSITY OF MARIBOR,,,
UNIVERSITY OF MARYLAND BALTIMORE COUNTY,,,
UNIVERSITY OF MARYLAND COLLEGE PARK,,,
UNIVERSITY OF MASSACHUSETTS AMHERST,,,
UNIVERSITY OF MASSACHUSETTS BOSTON,,,
UNIVERSITY OF MIAMI,,,
UNIVERSITY OF MICHIGAN,,,
University of Michigan-Ann Arbor,,,
UNIVERSITY OF MILANO-BICOCCA,,,
UNIVERSITY OF MINHO,,,
UNIVERSITY OF MINNESOTA,,,
University of Minnesota Twin Cities,,,
University of Miskolc,,,
UNIVERSITY OF MISSISSIPPI,,,
UNIVERSITY OF MISSOURI COLUMBIA,,,
UNIVERSITY OF MONS,,,
UNIVERSITY OF MONTANA MISSOULA,,,
UNIVERSITY OF MUMBAI,,,
UNIVERSITY OF NAIROBI,,,
UNIVERSITY OF NEBRASKA,,,
University of Nebraska - Lincoln,,,
UNIVERSITY OF NEW ENGLAND,,,
UNIVERSITY OF NEW HAMPSHIRE,,,
UNIVERSITY OF NEW MEXICO,,,
UNIVERSITY OF NEWCASTLE,,,
University of Niš,,,
UNIVERSITY OF NORTH CAROLINA CHAPEL HILL,,,
UNIVERSITY OF NOTRE DAME,,,
University of Novi Sad,,,
UNIVERSITY OF OKLAHOMA,,,
UNIVERSITY OF OREGON,,,
UNIVERSITY OF OSLO,,,
University of Ostrava,,,
UNIVERSITY OF OTAGO,,,
UNIVERSITY OF OTTAWA,,,
UNIVERSITY OF OULU,,,
UNIVERSITY OF OXFORD,,,
University of Pardubice,,,
University of Paris,,,
University of Parma,,,
UNIVERSITY OF PATRAS,,,
UNIVERSITY OF PÉCS,,,
UNIVERSITY OF PENNSYLVANIA,,,
University of Peradeniya,,,
UNIVERSITY OF PITTSBURGH,,,
UNIVERSITY OF PLYMOUTH,,,
UNIVERSITY OF PORTO,,,
UNIVERSITY OF PORTSMOUTH,,,
UNIVERSITY OF PRETORIA,,,
UNIVERSITY OF READING,,,
University of Rijeka,,,
UNIVERSITY OF ROCHESTER,,,
UNIVERSITY OF SALFORD,,,
UNIVERSITY OF SAN DIEGO,,,
UNIVERSITY OF SAN FRANCISCO,,,
UNIVERSITY OF SANTO TOMAS,,,
University of Sarajevo,,,
UNIVERSITY OF SASKATCHEWAN,,,
UNIVERSITY OF SCIENCE AND TECHNOLOGY BEIJING,,,
UNIVERSITY OF SCIENCE AND TECHNOLOGY OF CHINA,,,
UNIVERSITY OF SEOUL,,,
UNIVERSITY OF SHARJAH,,,
UNIVERSITY OF SILESIA,,,
UNIVERSITY OF SOUTH AUSTRALIA (UNISA),,,
UNIVERSITY OF SOUTH CAROLINA AT COLUMBIA,,,
UNIVERSITY OF SOUTH FLORIDA,,,
UNIVERSITY OF SOUTHAMPTON,,,
UNIVERSITY OF SOUTHERN CALIFORNIA,,,
UNIVERSITY OF SOUTHERN DENMARK,,,
UNIVERSITY OF SOUTHERN QUEENSLAND,,,
University of Split,,,
UNIVERSITY OF ST ANDREWS,,,
UNIVERSITY OF ST GALLEN (HSG),,,
UNIVERSITY OF STIRLING,,,
UNIVERSITY OF STRATHCLYDE,,,
UNIVERSITY OF SURREY,,,
UNIVERSITY OF SUSSEX,,,
UNIVERSITY OF SZEGED,,,
UNIVERSITY OF TAMPERE,,,
UNIVERSITY OF TARTU,,,
UNIVERSITY OF TASMANIA,,,
UNIVERSITY OF TECHNOLOGY SYDNEY (UTS),,,
UNIVERSITY OF TEHRAN,,,
UNIVERSITY OF TENNESSEE,,,
UNIVERSITY OF TEXAS AT AUSTIN,,,
UNIVERSITY OF TEXAS DALLAS,,,
University of the Arts London,,,
UNIVERSITY OF THE PACIFIC,,,
UNIVERSITY OF THE PHILIPPINES,,,
UNIVERSITY OF THE PUNJAB,,,
UNIVERSITY OF THE SUNSHINE COAST,,,
University of the West of England,,,
UNIVERSITY OF THE WESTERN CAPE,,,
UNIVERSITY OF THE WITWATERSRAND,,,
UNIVERSITY OF TORONTO,,,
UNIVERSITY OF TROMSO,,,
UNIVERSITY OF TSUKUBA,,,
UNIVERSITY OF TULSA,,,
UNIVERSITY OF TURKU,,,
UNIVERSITY OF TWENTE,,,
UNIVERSITY OF ULSAN,,,
UNIVERSITY OF ULSTER,,,
UNIVERSITY OF UTAH,,,
UNIVERSITY OF VERMONT,,,
UNIVERSITY OF VICTORIA,,,
UNIVERSITY OF VIRGINIA,,,
UNIVERSITY OF WAIKATO,,,
UNIVERSITY OF WARSAW,,,
UNIVERSITY OF WASHINGTON,,,
UNIVERSITY OF WATERLOO,,,
University of West Bohemia,,,
UNIVERSITY OF WESTMINSTER,,,
UNIVERSITY OF WINDSOR,,,
UNIVERSITY OF WISCONSIN-MADISON,,,
UNIVERSITY OF WOLLONGONG,,,
UNIVERSITY OF WROCLAW,,,
UNIVERSITY OF WYOMING,,,
UNIVERSITY OF YORK,,,
UNIVERSITY OF ZAGREB,,,
UNIVERSITY OF ZURICH,,,
UNIVERSITY POLITEHNICA OF BUCHAREST,,,
UNIVERSITY TOULOUSE – JEAN JAURÈS,,,
UPPSALA UNIVERSITY,,,
URAL FEDERAL UNIVERSITY,,,
UTAH STATE UNIVERSITY,,,
UTRECHT UNIVERSITY,,,
V.N. KARAZIN KHARKIV NATIONAL UNIVERSITY,,,
VANDERBILT UNIVERSITY,,,
VELLORE INSTITUTE OF TECHNOLOGY (VIT),,,
VERONA UNIVERSITY,,,
VICTORIA UNIVERSITY,,,
VICTORIA UNIVERSITY OF WELLINGTON,,,
VIETNAM NATIONAL UNIVERSITY - HO CHI MINH CITY (VNU-HCM),,,
VIETNAM NATIONAL UNIVERSITY HANOI,,,
VILNIUS GEDIMINAS TECHNICAL UNIVERSITY,,,
VILNIUS UNIVERSITY,,,
VIRGINIA COMMONWEALTH UNIVERSITY,,,
VIRGINIA POLYTECHNIC INSTITUTE (VIRGINIA TECH),,,
VORONEZH STATE UNIVERSITY,,,
VRIJE UNIVERSITEIT AMSTERDAM,,,
VRIJE UNIVERSITEIT BRUSSEL (VUB),,,
VYTAUTAS MAGNUS UNIVERSITY,,,
WAGENINGEN UNIVERSITY,,,
WAKE FOREST UNIVERSITY,,,
Warsaw University of Life Sciences,,,
WARSAW UNIVERSITY OF TECHNOLOGY,,,
WASEDA UNIVERSITY,,,
WASHINGTON STATE UNIVERSITY,,,
WASHINGTON UNIVERSITY IN ST. LOUIS,,,
WAYNE STATE UNIVERSITY,,,
WEIZMANN INSTITUTE OF SCIENCE,,,
WEST UNIVERSITY OF TIMISOARA,,,
WESTERN SYDNEY UNIVERSITY,,,
WESTERN UNIVERSITY,,,
WESTFÄLISCHE WILHELMS-UNIVERSITÄT MÜNSTER,,,
WHU OTTO BEISHEIM SCHOOL OF MANAGEMENT - KOBLENZ,,,
William & Mary,,,
WORCESTER POLYTECHNIC INSTITUTE,,,
Wrocław University of Science and Technology,,,
WROCLAW UNIVERSITY OF TECHNOLOGY,,,
WUHAN UNIVERSITY,,,
Wuhan University of Technology,,,
XI'AN JIAOTONG UNIVERSITY,,,
Xi'an Jiaotong-Liverpool University,,,
XIAMEN UNIVERSITY,,,
YALE UNIVERSITY,,,
YAMAGUCHI UNIVERSITY,,,
Yarmouk University,,,
YESHIVA UNIVERSITY,,,
YEUNGNAM UNIVERSITY,,,
Yildiz Technical University,,,
YOKOHAMA CITY UNIVERSITY,,,
YOKOHAMA NATIONAL UNIVERSITY,,,
YONSEI UNIVERSITY,,,
YORK UNIVERSITY,,,
ZAYED UNIVERSITY,,,
ZHEJIANG UNIVERSITY,,,